id;projekt;art;interessengruppe;beschreibung;antragsberechtigt;antragsfrist;summe;link;link2;stelle
3;"Identität und Integration PLUS";Förderung;"Spätaussiedler und Spätaussiedlerinnen";"Das Bundesamt für Migration und Flüchtlinge fördert das Integrationsförderangebot ""Identität und Integration PLUS"" nach § 9 Abs. 4 Bundesvertriebenengesetz (BVFG). Es baut auf dem Integrationskurs auf und beschäftigt sich vor allem mit den spezifischen Lebens- und Bedürfnislagen von Spätaussiedlern. Die Spätaussiedler beschäftigen sich unter anderem mit: Fragen ihrer spezifischen Identität Problemen und Chancen bei der Alltagsbewältigung im neuen Lebensumfeld Fragen des Bildungswesens in DeutschlandMöglichkeiten und Chancen am deutschen Arbeitsmarkt, wobei auch Wege in die Selbstständigkeit aufgezeigt werden.";"Organisationen und Verbände, Vertriebeneneinrichtungen, anerkannte Träger der politischen Bildung und Kommunen";"jeweils bis zum 31. Januar";;http://www.bamf.de/DE/Infothek/Projekttraeger/AngeboteSpaetaussiedler/angebotespaetaussiedler.html?nn=1367536;;"Bundesamt für Migration und Flüchtlinge"
6;"Förderung von Maßnahmen zur gesellschaftlichen und sozialen Integration von Zuwanderern";Zuschuss;"Zuwanderer und Zuwanderinnen";"Das Bundesministerium für Familie, Senioren, Frauen und Jugend und das Bundesministerium des Innern unterstützen Maßnahmen zur gesellschaftlichen und sozialen Integration von jugendlichen und erwachsenen Zuwanderern mit dauerhafter Bleibeperspektive. Gefördert werden ein- bis dreijährige Projekte und Multiplikatorenschulungen mit folgenden Zielen: Stärkung der sozialen Kompetenzen von Zuwanderern, Stärkung der aktiven Partizipation der Zuwanderer am gesellschaftlichen und politischen Leben, Verbesserung der wechselseitigen Akzeptanz von Zuwanderern und Einheimischen, Kriminalitäts-, Gewalt- und Suchtprävention.";"Verbände, Vertriebeneneinrichtungen, Kirchen, anerkannte Träger der politischen Bildung, Migrantenselbstorganisationen, Kommunen, Einrichtungen, tätig in der Arbeit mit ZuwanderInnen auf überregionaler, regionaler oder lokaler Ebene";"jeweiliger Ausschreibungstermin";"Die Höhe des Zuschusses ist abhängig von der Höhe der zuwendungsfähigen projektbezogenen Ausgaben.";http://www.bamf.de/DE/Infothek/Projekttraeger/Integrationsprojekte/integrationsprojekte-node.html;http://www.foerderdatenbank.de/Foerder-DB/Navigation/Foerderrecherche/suche.html;"Bundesamt für Migration und Flüchtlinge"
9;"Migrationsberatung für erwachsene Zuwanderer (MBE)";Zuschuss;"erwachsene Zuwanderer und Zuwanderinnen";"Das Bundesministerium des Innern unterstützt die Durchführung einer Migrationsberatung für erwachsene Zuwanderer. Gefördert werden Personal- und Sachausgaben für die Sicherstellung eines Grundberatungsangebots zur Förderung des Integrationsprozesses erwachsener Zuwanderer über 27 Jahre.";"Spitzenverbände der freien Wohlfahrtspflege, Bund der Vertriebenen Im Bedarfsfall können weitere vergleichbare Organisationen mit der Durchführung beauftragt werden.";"bis spätestens zum 15. November für das Folgejahr";"Die Höhe des Zuschusses wird pauschal ermittelt.";http://www.bamf.de/SharedDocs/Anlagen/DE/Downloads/Infothek/Migrationserstberatung/mbe-foeri_pdf.html?nn=1367102;http://foerderdatenbank.de/Foerder-DB/Navigation/Foerderrecherche/suche.html;"Bundesamt für Migration und Flüchtlinge"
12;"Asyl-, Migrations- und Integrationsfonds (AMIF)";Zuschuss;"Drittstaatsangehörige mit Flüchtlingsstatus oder subsidiärem Schutzstatus, Drittstaatsangehörige die eine der Formen des internationalen Schutzes beantragt und noch keine endgültige Entscheidung erhalten haben, Drittstaatsangehörige die vorübergehenden Schutz genießen, Drittstaatsangehörige die in der Bundesrepublik Deutschland neu angesiedelt oder aus einem anderen EU-Mitgliedstaat in die Bundesrepublik Deutschland überstellt werden oder wurden";"Der Europäische Asyl-, Migrations- und Integrationsfonds unterstützt die Mitgliedstaaten der Europäischen Union bei der effizienten Steuerung der Migrationsströme, bei der Aufnahme von Flüchtlingen und Vertriebenen und bei der Bewältigung der dadurch entstehenden Folgelasten. Mitfinanziert werden Maßnahmen der Mitgliedstaaten in den folgenden Bereichen: 1. Gemeinsames Europäisches Asylsystem: Verbesserung der Aufnahme- und Asylsysteme, Ausbau der Kapazitäten der Mitgliedstaaten zur Gestaltung und zu Monitoring und Evaluierung ihrer Asylpolitik und -verfahren, Neuansiedlung, Überstellung von Personen, die internationalen Schutz beantragt haben oder genießen, und sonstige Ad-hoc-Aufnahme aus humanitären Gründen. 2. Integration von Drittstaatsangehörigen und legale Migration: Maßnahmen zur Einwanderung und Ausreisevorbereitung, Integrationsmaßnahmen sowie Praktische Zusammenarbeit und Maßnahmen zum Kapazitätsaufbau (z.B. Ausarbeitung von Strategien, Zusammenarbeit zwischen den Drittländern und den Personalagenturen/ Arbeitsverwaltungen/ Einwanderungsbehörden, Datenerhebung und -analyse, Aufbau von Organisationsstrukturen für das Integrations- und Diversitätsmanagement). 3. Rückkehr: Maßnahmen zur Begleitung von Rückkehrverfahren, Rückkehrmaßnahmen (z.B. Identifizierung der Drittstaatsangehörigen, Zusammenarbeit mit den Konsularstellen und Einwanderungsbehörden, Hilfen bei freiwilliger Rückkehr, Abschiebungen, Reintegrationshilfen) sowie Praktische Zusammenarbeit und Maßnahmen zum Kapazitätsaufbau (z.B. Zusammenarbeit und Informationsaustausch zwischen den zuständigen Dienststellen und anderen Behörden der Mitgliedstaaten und beteiligter Drittländer, Datenerhebung und -analyse, Evaluierung der Rückkehrpolitik).";"eingetragene juristische Personen des privaten oder des öffentlichen Rechts sowie internationale Organisationen.";"jeweiliger Ausschreibungstermin";"grundsätzlich bis zu 75%, in begründeten Fällen bis zu 90% der zuwendungsfähigen Ausgaben.";http://www.bamf.de/DE/Infothek/Projekttraeger/AMIF-Kofinanzierung/amif-kofinanzierung.html?nn=1367536;http://www.foerderdatenbank.de/Foerder-DB/Navigation/Foerderrecherche/suche.html;"Bundesamt für Migration und Flüchtlinge"
15;Multiplikatorenschulungen;Förderung;;"Bürgerschaftliches Engagement spielt eine wichtige Rolle im Integrationsprozess. Damit sich Menschen mit und ohne Migrationshintergrund ehrenamtlich engagieren können, bedarf es entsprechender Angebote zur Qualifizierung und Weiterbildung. Das Bundesamt für Migration und Flüchtlinge fördert daher in 2015 ein- oder mehrtägige Multiplikatorenschulungen.";"alle Vereine und Organisationen der Integrationsarbeit, in denen Ehrenamtliche tätig sind, insbesondere Migrantenorganisationen";"jeweils zum 31. Oktober";"bis zu 80.000 Euro";http://www.bamf.de/DE/Infothek/Projekttraeger/Multiplikatorenschulungen/multiplikatorenschulungen-node.html;;"Bundesamt für Migration und Flüchtlinge, Europäische Kommission"
18;"Partnerschaften für Demokratie - Initiativfonds";Förderung;;"Kurzfristig für kleinere Projekte - Leitziele für die Partnerschaft für Demokratie Schöneweide und Treptow-Köpenick sind hierbei die Förderung von Demokratie an Schulen und die aktive Rechtsextremismusprävention, Neubesetzung des öffentlichen Raumes durch die Kreativszene in Schöneweide sowie eine verstärkte Aktivierung der Bürger_innen. Hierbei wird intensiv mit der Sozialräumlichen Planungskoordination (SPK) als auch mit den Schulen im Bezirk zusammengearbeitet. Um die Neubesetzung des öffentlichen Raumes sichtbarer zu gestalten, findet erneut das Festival „Kunst am Spreeknie“ sowie das LichtGestalten-Festival statt, welches die interkulturelle und internationale Ausrichtung in Schöneweide aufzeigt und die Anwohner_innen zusammenbringt.";"Anträge können gemeinnützige Vereine und Einrichtungen stellen, die nicht in öffentlicher Trägerschaft sind.";"12. Feb 19";"Abhängig vom Förderzeitraum.";http://www.koordinierung-in-tk.de/;;"Zentrum für Demokratie - Bundesprogramm"
21;"Solidaritätsfonds zur praktischen, gesellschaftlichen und politischen Unterstützung von Flüchtlingen";Förderung;;"Gefördert werden z.B. Aktivitäten zur Begrüßung und Begleitung von Flüchtlingen (Willkommenstreffen, Begegnungen, kleinere Festivitäten), Bildungsarbeit mit Flüchtlingen und ähnliches. Die Aktivitäten müssen sich an Gruppen richten, die Unterstützung von Einzelpersonen ist nicht möglich. Finanziert werden ausschließlich Sach- und Reisekosten.";"Die Initiative oder der gemeinnützige Verein hat ihren Sitz in Ostdeutschland oder in Berlin und die geplante Aktivität findet dort statt.";"Kleinprojekte bis zum 20. des laufenden Monats,  Projekte über 2.500 €: 18.03.2019, 24.06.2019, 26.08.2019, 30.09.2019";"Pro Verein können insgesamt maximal 10% der Gesamtfördermittel der Stiftung bewilligt werden (2016 sind dies 100 T€)";http://www.nord-sued-bruecken.de;http://www.berlin.de/ba-treptow-koepenick/ueber-den-bezirk/refugees-welcome/aktuelles/artikel.363744.php;"Stiftung Nord-Süd-Brücken und BER e. V."
24;"Unterstützung von KMU - Ausbildungsplätzen und Integration von ausländischen Fachkräften";Zuschuss;"Öffentliche Einrichtung, Verband/Vereinigung";"Das Bundesministerium für Wirtschaft und Energie unterstützt unter Beteiligung des Europäischen Sozialfonds (ESF) kleine und mittlere Unternehmen (KMU) bei der Sicherung ihres zukünftigen Fachkräftebedarfs. Gefördert werden Beratungs- und Unterstützungsleistungen der Handwerkskammern, der Industrie- und Handelskammern, der Kammern der Freien Berufe sowie anderer gemeinnützig tätiger Organisationen der Wirtschaft für KMU in weiteren Bereichen (Link für mehr Informationen).";"Kammerorganisationen (insbesondere Handwerkskammern, Industrie- und Handelskammern und Kammern der Freien Berufe) sowie andere Organisationen der Wirtschaft, die gemeinnützig tätig sind und deren Zweck u.a. auf die Vermittlung von Auszubildenden in ein duales Ausbildungsverhältnis ausgerichtet ist";"jeweils bis zum 30. September";"70 % der zuwendungsfähigen Gesamtausgaben";"http://www.foerderdatenbank.de/Foerder-DB/Navigation/Foerderrecherche/suche.html?get=ecfce6fe95ff7453fd9c0b14f50e1f95;views;document&doc=9547&typ=KU";http://www.zdh.de;"Bundesministeriums für Wirtschaft und Energie"
27;"Garantiefonds Hochschule";Förderung;"Ge-flüchtete und Spätaussiedler";"Gefördert werden neben Deutsch- und Englischsprachkursen, auch Vorbereitungskurse für Mathematik sowie die Teilnahme am Studienkolleg und am Sonderlehrgang.";"Ge-flüchtete und Spätaussiedler";"binnen 24 Monate nach dem Datum der Einreise";;https://www.obs-ev.de/akademische-zuwanderer/garantiefonds-hochschule/;;"Bundesministerium für Fami-lie, Senioren, Frauen und Jugend"
30;"Förderprogramm Entwicklungspolitische Bildung (FEB)";Zuschuss;"insbesondere folgende Zielgruppen: – Kinder und Jugendliche – Organisationen, Medien und Personen, die als Multiplikatorinnen und Multiplikatoren Breitenwirkung erzielen – Personen mit wenig entwicklungspolitischer Erfahrung – Personengruppen mit Migrationshintergrund Ein besonderes Anliegen ist es darüber hinaus, verstärkt neue Zielgruppen und Institutionen anzusprechen und zur Umsetzung von Projekten zu motivieren, zum Beispiel Unternehmen, Wirtschaftsverbände, Diasporen, Museen, Bibliotheken, Sportverbände.";"Entwicklungspolitische Informations- und Bildungsarbeit im Inland, u. a. Seminare und Tagungen, Unterrichtseinheiten und Projekttage, Kampagnen, Ausstellungen, entwicklungspolitisches Theater oder andere Formen innovativer Bildungsarbeit";"gemeinnützige Organisationen mit entwicklungspolitischer Zielsetzung (eingetragene gemeinnützige Vereine, Netzwerke von Organisationen, rechtsfähige Stiftungen, Körperschaften des öffentlichen Rechts, z.B. Kirchen, Mussen, Bibliotheken, Universitäten)";"jeweils zum 31. Oktober";"bei Erstanträgen maximal 10.000 Euro für ein Kalenderjahr";"http://www.foerderdatenbank.de/Foerder-DB/Navigation/Foerderrecherche/suche.html?get=ecfce6fe95ff7453fd9c0b14f50e1f95;views;document&doc=11533";http://www.engagement-global.de;"Bundesministerium für wirtschaftliche Zusammenarbeit und Entwicklung"
33;"Aktionsgruppenprogramm (AGP)";Förderung;;"Mit Förderzuschüssen von bis zu 2.000 Euro unterstützt das Aktionsgruppenprogramm (AGP) des Bundesministeriums für wirtschaftliche Zusammenarbeit und Entwicklung (BMZ) Engagierte in Schulen und Initiativen, die ihr Wissen über die Zusammenhänge der Einen Welt vertiefen und weiter vermitteln möchten.";"Alle Gruppen mit Sitz in Deutschland, die ein Kleinprojekt im Rahmen der entwicklungspolitischen Bildungsarbeit planen, können Fördermittel beantragen. Dazu zählen Schulen und Kitas ebenso wie Initiativen, Vereine, Stiftungen und andere Träger mit entwicklungspolitischer Zielsetzung.";"Spätestens sechs Wochen vor Beginn der geplanten Maßnahme";"bis zu 2.000 Euro";http://www.engagement-global.de/agp-aktionsgruppenprogramm.html;;"Bundesministerium für wirtschaftliche Zusammenarbeit und Entwicklung"
36;"Förderung der Kinder- und Jugendhilfe durch den Kinder- und Jugendplan des Bundes (KJP)";Förderung;;"Das Bundesministerium für Familie, Senioren, Frauen und Jugend (BMFSFJ) unterstützt die Tätigkeit der Kinder und Jugendhilfe im Rahmen des Kinder und Jugendplans (KJP). Das Programm fördert Projekte u.a. mit, folgenden Zielen: Integration von jungen Menschen mit Migrationshintergrund, politische und kulturelle Bildung, Fortbildung; Jugendliche, Menschen mit Behinderung, Jugendsport, Schutz für Kinder und Jugendliche, Träger der Jugendhilfe";"Träger der Jugendhilfe";"jeweils bis zum 31. Dezember für das Folgejahr";"abhängig vom Art und Umfang des Vorhabens";http://www.bmfsfj.de/BMFSFJ/kinder-und-jugend,did=3520.html;http://www.bmfsfj.de/BMFSFJ/kinder-und-jugend.html;"Bundesministerium für Familie, Senioren, Frauen und Jugend"
39;"Projektförderung zum interreligiösen Dialog";Zuschuss;;"Die Bundesregierung unterstützt Initiativen zum besseren Verständnis zwischen den Religionen in Deutschland. Dazu fördert das Bundesministerium des Innern Projekte zum interreligiösen Dialog, insbesondere mit Muslimen. Hierbei handelt es sich vor allem um von muslimischen, christlichen und/oder dialogischen Trägern durchgeführte Maßnahmen, die sich an Multiplikatoren und Multiplikatorinnen (haupt- und ehrenamtliche Mitglieder der verschiedenen religiösen Gemeinschaften) aus den Bereichen Religion, Gesellschaft und Politik richten. Ziel ist es, über ein besseres Verständnis der Religionen untereinander, den gesellschaftlichen Zusammenhalt zu fördern.";;"jeweils bis zum 31. März bzw. 15. September";;http://www.deutsche-islam-konferenz.de/DIK/DE/Service/Bottom/Projektfoerderung/ProjektfoerderungInterreligioes/projektfoerderung-interreligioes-node.html;;"Bundesministerium des Innern"
42;"Projektförderung zur gesellschaftlichen und sozialen Integration von Zuwanderern mit dauerhafter Bleibeperspektive";Förderung;"Jugendliche (12 - 27 Jahre)";"Mit der Förderung werden insbesondere folgende Zielsetzungen verfolgt: Unterstützung von Zugewanderten: Stärkung der Kompetenzen, gleichberechtigte Teilhabe am gesellschaftlichen und politischen Leben; Verbesserung der wechselseitigen Akzeptanz von Zuwanderern und Aufnahmebevölkerung; Kriminalitäts-, Gewalt- und Suchtprävention; Verstärkte Einbeziehung von Migrantinnen und Migranten Organisationen in die Integrationsarbeit vor Ort.";"Verbände, anerkannte Träger der politischen Bildung, Migrantinnen und Migranten Organisationen, gemeinnützige Vereine sowie sonstige Einrichtungen, die in der Arbeit mit zugewanderten Menschen auf überregionaler, regionaler oder lokaler Ebene tätig sind können Zuwendungen erhalten";"jeweils bis zum 31. Oktober";"max. 50.000/ Jahr, max. 3 Jahre";http://www.bmfsfj.de/BMFSFJ/aktuelles,did=134312.html;https://www.bamf.de/SharedDocs/Anlagen/DE/Publikationen/Flyer/projektfoerderung_de.pdf?__blob=publicationFile;"Bundesamt für Migration und Flüchtlinge"
45;"Förderung für Ehrenamtliche";Förderung;;"Es soll gezielt die Ausweitung des ehrenamtlichen Engagements bei der Flüchtlingsarbeit gestärkt werden. Die Projekte sind bundesweit, zumindest aber überregional, an mindestens vier Standorten in drei oder mehr Bundesländern durchzuführen. Angebote mit innovativem, modellhaftem Charakter sind ausdrücklich erwünscht. Vier Bereiche werden gefördert: Hauptamtliche Koordinatoren zur Unterstützung des Ehrenamtes in der Flüchtlingsarbeit, Strukturen, Beratungs- und Unterstützungsleistungen und Bereitstellung von Sachmitteln für den Ersatz von Ausgaben, um das ehrenamtliche Engagement für Flüchtlinge und auch von Flüchtlingen vor Ort zu erhöhen sowie vorhandene Kompetenzen zu stärken und zu verfestigen. Angebote zur Gewaltprävention für geflüchtete Frauen und andere besonders schutzbedürftige Personen sowie niedrigschwellige Beratungsangebote, um (potentiell) betroffenen Flüchtlingen zu helfen, professionelle Unterstützung in Anspruch zu nehmen. Projekte der gesellschaftlichen und politischen Teilhabe von Flüchtlingen durch die Bereitstellung niedrigschwelliger Angebote. Stärkung von Flüchtlingen bei der Wahrnehmung ihrer Rechte.";"Vereine, Organisationen und sonstige Träger von Integrationsmaßnahmen";"bis spätestens 26. Oktober für das folgende Jahr";"Das jährliche Fördervolumen soll bei mindestens 200.000 Euro liegen";https://www.integrationsbeauftragte.de/ib-de/themen/projekte-und-forschung/projekte/richtlinien-fuer-fluechtlingsprojekte-398766;;"Die Beauftragte der Bundesregierung für Migration, Flüchtlinge und Integration"
48;"Allgemeine Projektförderung";Förderung;;"Die Kulturstiftung des Bundes unterstützt künstlerische Produktionen und gewährt Projektförderung für Themenbereiche, die in die Zuständigkeit des Bundes für die Förderung von Kunst und Kultur fallen. Die Förderung kann für alle nicht kommerziellen Sparten und Bereiche des Kulturschaffens gewährt werden, für bildende Kunst, darstellende Kunst, Literatur, Musik, Film, Photographie, Architektur, kulturhistorische Ausstellungen, Neue Medien, verwandte Formen und Zwischenformen. Die Kulturstiftung des Bundes fördert keine bereits laufenden Projekte, sondern allein für die Zukunft geplante Vorhaben.";"Stiftungen, Vereine, öffentlich-rechtliche oder privatrechtliche Körperschaften. Die Kulturstiftung des Bundes fördert in der Regel keine Projekte von Einzelpersonen.";"Förderanträge können jederzeit eingereicht werden";"50.000 bis 250.000 Euro, Eigenanteil mind. 20 %";http://www.kulturstiftung-des-bundes.de/cms/de/foerderung/offen/;http://www.kulturstiftung-des-bundes.de/cms/de/foerderung/faq/;"Kulturstiftung des Bundes"
51;"Partizipations- und Integrationsprogramms 2018/19";Zuschuss;;"Die geförderten Projekte sollen insbesondere zur Stärkung der Organisationen und Netzwerke von Personen mit Migrationshintergrund – einschließlich von geflüchteten Personen – und zur Erreichung eines der folgenden Ziele beitragen: Verbesserung der gesellschaftlichen Teilhabe von Menschen mit Migrationshintergrund, Stärkung der politischen Partizipation von Menschen mit Migrationshintergrund, Etablierung bzw. Weiterentwicklung von herkunftsübergreifenden Kooperationen.";;"jeweils im dritten Quartal des Jahres";"Eigenanteil von 10 %";http://www.berlin.de/lb/intmig/themen/projektfoerderung/index.html;;"Senatsverwaltung für Arbeit, Integration und Frauen"
54;"Förderprogramme Interkulturelle Projekte";Förderung;"spezifische Förderung von Künstlerinnen und Künstlern mit Migrationshintergrund";"Ziel des Programms ist die spezifische Förderung von Künstlerinnen und Künstlern mit Migrationshintergrund durch die besondere Aktivierung und Beteiligung an künstlerischen Projekten, in Ergänzung zu den sonstigen Förderprogrammen. Gefördert werden künstlerische Projekte, die sich mit interkulturellen Themen befassen, die bisher nicht oder nur unzureichend präsentiert werden. Die Projekte können auch Co-Produktionen sein, müssen jedoch in Berlin öffentlich präsentiert werden.";"Künstlerinnen und Künstler mit Migrationshintergrund";"Ausschreibung im August für das Folgejahr";"max. 20.000 Euro";http://www.berlin.de/sen/kultur/foerderung/foerderprogramme/interkulturelleprojekte/artikel.82020.php;;"Senatskanzlei Kulturelle Angelegenheiten"
57;Kofinanzierungsfonds;Förderung;"professionelle Berliner Künstlerinnen und Künstler sowie freie Berliner Gruppen. Auch Einrichtungen, die insbesondere für und mit der Freien Szene Berlins arbeiten, sind antragsberechtigt";"Gefördert wird die Kofinanzierung von Vorhaben aller Kunstsparten. Neben Projekten sind auch Anträge für Rechercheprozesse oder ähnliches zulässig.";"Das Förderprogramm richtet sich an professionelle Berliner Künstlerinnen und Künstler sowie freie Berliner Gruppen. Auch Einrichtungen, die insbesondere für und mit der freien Szene Berlins arbeiten, sind antragsberechtigt.";"Förderanträge können jederzeit eingereicht werden";"max. 50.000/ Jahr, Eigenanteil";http://www.berlin.de/sen/kultur/foerderung/foerderprogramme/kofinanzierungsfonds/;;"Senatskanzlei Kulturelle Angelegenheiten"
60;"Amadeu Antonio Stiftung, Förderbereiche Rechtsextremismus, Rassismus und Antisemitismus";Förderung;"Vereine, Netzwerke selbstorganisierte Jugendliche, Kirchengemeinden und Schulen bzw. Schülerinnen und Schüler, Lehrerinnen und Lehrer oder Studendierende können Fördergelder beantragen.";"Die Stiftung fördert Projekte und Initiativen, die sich gegen Antisemitismus, Rechtsextremismus und Rassismus positionieren; sich für Menschenrechte und Minderheitenschutz engagieren; sich mit den gesellschaftlichen Ursachen und Folgen von Antisemitismus offensiv auseinandersetzen; Partnerschaften in der Kommune suchen so z.B. mit Schulen, Verwaltung, Polizei, lokalen Unternehmen, und Kirchengemeinden; in unterschiedlichen Lebensbereichen ansetzen (z.B. Jugendarbeit, Kommunalpolitik, Sport, Kultur); interkulturelle Begegnungen und Partnerschaften ermöglichen oder fördern.";"Vereine, Netzwerke gegen Rechtsextremismus, Selbstorganisierte Jugendliche, Kirchengemeinden, Schulen, bzw. Schüler, Lehrer oder Studenten, Schülerclubs, Bürgerinitiativen, kommunale Ausländerbeauftragte";"Antragsschluss ist jeweils zum 30.06. und 
31.12. des Jahres";;https://www.amadeu-antonio-stiftung.de/projektfoerderung/;https://www.amadeu-antonio-stiftung.de/projektfoerderung/bilanz/bilanz-2017/;"Amadeu Antonio Stiftung"
63;"Axel Springer Stiftung, Förderbereiche Wissenschaft, Kultur, Jungendarbeit, Erziehung";Förderung;;"Die Stiftung fördert Jugendarbeit, Erziehung, Allgemein- und Berufsbildung (insbesondere durch Zuwendungen an steuerbegünstigte Körperschaften des öffentlichen Rechts). Eine weiteres Förderfeld der Stiftung ist die Förderung der Toleranz, der internationalen Gesinnung (insbesondere der Austausch zwischen Deutschland und Israel).";;jederzeit;;http://www.axelspringerstiftung.de/index.htm;http://www.axelspringerstiftung.de/AS-Stiftung_Zweck_neu.pdf;"Axel Springer Stiftung"
66;"Stiftung Deutsche Klassenlotterie Berlin (DKLB), Förderbereiche Kultur, Sport, Jugendarbeit, Integration";Förderung;"Berliner Einrichtungen";"Die Stiftung fördert soziale, karitative, dem Umweltschutz dienliche, kulturelle, staatsbürgerliche, jugendfördernde und sportliche Vorhaben durch Gewährung von Zuwendungen. Im Rahmen der fachlichen Zuständigkeit werden die Anträge durch die jeweils verantwortliche Senatsfachverwaltung auf Förderungswürdigkeit und Angemessenheit der geplanten Maßnahmen geprüft.";;"9 Monate vor Projektbeginn";;http://www.lotto-stiftung-berlin.de/index.php/projekte/soziale-projekte;http://www.lotto-stiftung-berlin.de/index.php/antrag-kopf;"Stiftung Deutsche Klassenlotterie Berlin (DKLB)"
69;"Robert Bosch Stiftung, Förderbereiche Migration, Integration, Kultur, Bildung";Förderung;;"Migration und Integration: Bereits seit 2005 beschäftigt die Stiftung mit aktuellen und gesellschaftlichen Fragestellungen im Bereich Migration und Integration. Projektideen zu den Handlungsfeldern ""Islam in Deutschland"" und ""Flucht und Asyl"" sind besonders wichtig. Kultur, Literatur und Film: Die Stiftung fördert Beiträge von Autorinnen und Autoren verschiedener Nationen und Kulturkreise zur Literatur und will Kinder und Jugendliche unterschiedlicher Herkunft für Literatur und Sprache begeistern.";;jederzeit;;https://www.bosch-stiftung.de/de/wie-wir-foerdern;http://www.bosch-stiftung.de/content/language1/html/42232.asp;"Robert Bosch Stiftung"
72;"Stiftung Mercator, Förderbereiche Integration, Bildung, Kultur";Förderung;;"Die Bildungsungleichheit in Deutschland von Menschen mit Migrationshintergrund im Alter von 15 bis 30 Jahren soll verbessert werden. Gefördert werden Projekte, die auf die Verbesserung der Schul- und Hochschulabschlüsse abzielen und einen Bezug zum Thema Bildungsteilhabe besitzen. Ziel ist es, kulturelle Bildung als gleichwertigen Teil allgemeiner Bildung in den Schulsystemen der deutschen Bundesländer zu verankern. Die Stiftung setzt insbesondere auf längerfristige Vorhaben, die inhaltlich und organisatorisch intensiv begleitet werden und einen dauerhaften Effekt auf die geförderte Einrichtung und das System haben.";;jederzeit;;https://www.stiftung-mercator.de/de/unsere-stiftung/foerderung/informationen-fuer-gefoerderte/;"https://www.stiftung-mercator.de/de/unsere-stiftung/foerderung/informationen-fuer- antragsteller/";"Stiftung Mercator"
75;"F.C. Flick Stiftung, Förderbereich: Bekämpfung von Fremdenfeindlichkeit, Rassismus und Intoleranz";Förderung;"Kinder und Jugendliche";"Förderung von Projekten, die geeignet sind, die Völkerverständigung zu fördern, und dem Rechtsextremismus, der Intoleranz, der Fremdenfeindlichkeit, dem Rassismus und der Gewalt von Jugendlichen in Deutschland entgegenzuwirken. Vor allem kleinere Initiativen werden unterstützt. Projekte, die eher langfristig angelegt sind. Projekte können in Kooperation mit anderen Personen, Initiativen, Institutionen durchgeführt werden. Zielgruppe der Förderung sind Kinder und Jugendliche. Zielgebiet der Förderung sind die Neuen Bundesländer und Berlin.";"in der Regel nur juristische Personen oder rechtsfähige Vereine";"4 Wochen vor Projektbeginn";;http://www.stiftung-toleranz.de/projekte/;http://www.stiftung-toleranz.de/foerderung/;"F.C. Flick Stiftung"
78;"Fonds Soziokultur e.V., Förderbereich: Soziokulturelle Projekte";Förderung;;"Projekte aller Art, die innovativ sind, z. B. Projekte die sich mit den Themen Integration und interkultureller Vielfalt beschäftigen. Voraussetzung für solche Förderungen ist, dass die Vorhaben besonderen qualitativen Ansprüchen genügen und geeignet sind, die Bedeutung der Soziokultur für das kulturelle Leben in der Öffentlichkeit darzustellen.";;"2. Mai und 2. November eines Jahres";"max 30.000€";https://www.fonds-soziokultur.de/foerderung/foerderbedingungen/vergaberrichtlinien.html;https://www.fonds-soziokultur.de/downloads/antragsvordrucke.html;"Fonds Soziokultur e.V."
81;"Aktion Mensch, Förderbereiche Interkulturelle Vielfalt, Migration und Zuwanderung";Förderung;"Menschen mit Behinderung, Menschen in besonderen sozialen Schwierigkeiten oder Kindern und Jugendlichen";"Die Aktion Mensch fördert freie, gemeinnützige Organisationen mit Sitz in Deutschland. Die Projekte, die von der Aktion Mensch gefördert werden, kommen Menschen mit Behinderung, Menschen in besonderen sozialen Schwierigkeiten oder Kindern und Jugendlichen zugute. Außerdem ermöglichen sie Teilhabe und Inklusion vor Ort und sind einem der Tätigkeitsfelder der Aktion Mensch zuzuordnen – von Freizeit, Arbeit oder Wohnen bis hin zu Bildung oder Barrierefreiheit. Sie möchten wissen, welche Schwerpunkte im Bewilligungsprozess der Förderung gesetzt werden? Hier finden Sie alle wichtigen Informationen.";;jederzeit;"max. 5.000 Euro";https://www.aktion-mensch.de/foerderung;;"Aktion Mensch"
84;"Bundesliga-Stiftung, Förderbereiche Integration, Bildung und Jugendliche";Förderung;;"Ein Schwerpunkt der Stiftungsarbeit im Bereich Integration liegt auf der Sprachförderung. Eine gute schulische Bildung ist die Grundlage für eine echte Perspektive in unserer Gesellschaft. Fast ein Drittel aller Kinder und Jugendlichen in Deutschland haben einen Migrationshintergrund. Sprachbarrieren und weitere Hindernisse beeinträchtigen die Entfaltung von Talenten. Durch eine gezielte Förderung bietet die Stiftung Kindern die Möglichkeit, sich mit Sprache, Normen und Werten der deutschen Gesellschaft vertraut zu machen, um sich aktiv in das Gemeinwesen einbringen zu können.";;jederzeit;;https://www.dfl-stiftung.de/foerderantrag/;https://www.dfl-stiftung.de/integration-und-teilhabe/;"Bundesliga Stiftung"
87;"Deutsche Bank Stiftung, Förderbereich: Bildung, Kultur, Soziales";Förderung;"insbesondere junge Menschen";"Die Stiftung ermöglicht Projekte, die den Nachwuchs fördern, kulturelle Erfahrungsräume öffnen und den Austausch zwischen unterschiedlichen gesellschaftlichen Gruppen ermöglichen. Die Stiftung initiiert eigene Projekte deshalb, unterstützt die Stiftung weitere Vorhaben Dritter nur in begrenztem Umfang. Auch bei den von der Stiftung unterstützten Projekten der Projektpartner und Projektpartnerinnen wird mit der Förderung eine langfristige Perspektive verfolgt. Publikationen, Filmförderung und Tonträger sowie die Vergabe von Einzelstipendien oder vergleichbare Förderungen sind ausgeschlossen.";"Förderungen werden ausschließlich an inländische steuerbegünstigte Körperschaften und inländische Körperschaften des öffentlichen Rechts zur Verwendung für steuerbegünstigte Zwecke vergeben.";jederzeit;;https://www.deutsche-bank-stiftung.de/foerderantrag/#foerderrichtlinien;;"Deutsche Bank Stiftung"
90;"Volksbank Stiftung, Förderbereiche Kultur, Jugendliche, Sport, Bildung";Förderung;;"Unter dem Motto ""Hilfe zur Selbsthilfe"" ermöglicht und fördert die Stiftung ehrenamtliches bürgerschaftliches Engagement für die Gesellschaft. Zweck der Stiftung, ist u.a. die Förderung von: Jugendpflege und -fürsorge, Altenhilfe, Musik, Kunst und Kultur, Sport, Ausbildung";"Körperschaften des öffentlichen Rechts, inländische steuerbegünstigte Körperschaften";jederzeit;;http://www.volksbankstiftung.de/index2.php?option=com_content&do_pdf=1&id=5;http://www.volksbankstiftung.de/;"Volksbank Stiftung"
93;"Bewegungsstiftung, Förderbereiche Menschenrechte, Sozialen Gerechtigkeit";Zuschuss;;"Die Bewegungsstiftung fördert langfristig wirkende, strategisch angelegte Kampagnen, die auf öffentliche Aktionen und Protest setzen. Eine Voraussetzung ist, die Beteiligung an der Kampagne muss allen Menschen unabhängig von Herkunft, sexueller Präferenz, Geschlecht, Ethnie und Religion möglich sein. In Ausnahmefällen (z.B. bei bestehender Diskriminierung) können auch Kampagnen gefördert werden, an denen ausschließlich eine bestimmte Gruppe teilnimmt.";"gefördert werden NICHT: Stiftungen, regierungsnahe Einrichtungen, Parteien, profitorientierte Organisationen";"jeweils der erste Dienstag im April und September jeden Jahres.";"3.000 bis 15.000 Euro mind. 10 Prozent des Kampagnenbudgets";https://www.bewegungsstiftung.de/fileadmin/user_upload/bws/pdf/Download-Dateien/Richtlinien_Kampagnenfoerderung.pdf;https://www.bewegungsstiftung.de/antrag-stellen.html?L=668;Bewegungsstiftung
96;"Deutsche Bahn Stiftung, Förderbereich Integration, Kultur, Bildung";Förderung;;"Die Stiftung fördert Projekte und kooperiert mit Partnern im Rahmen ihre Programme in den Themenschwerpunkten Integration, Fürsorge, Kultur & Bildung. Bei der Auswahl der Projekte achtet die Stiftung besonders auf die hohe gesellschaftliche Relevanz des Engagements und die Wirksamkeit des Ansatzes. Die Stiftung unterstützt Partner, die sich für eine Gesellschaft der Toleranz, des Respekts und des sozialen Zusammenhalts einsetzen und setzt sich für das Thema Gesundheitsförderung, dabei insbesondere für die seelische Gesundheit von Menschen ein.";;"nächste Ausschreibugsrunde beginnt im 3. Quartal 2019";;https://www.deutschebahnstiftung.de/foerderung.html#foerdergrundsaetze;;"Deutsche Bahn Stiftung"
99;"Interkulturellen Kompetenzzentrum für Migrant_innenorganisationen in Berlin";Förderung;;"Die Projektpartner, Verband für interkulturelle Arbeit e.V., Club Dialog e.V. und der Türkische Bund in Berlin-Brandenburg e.V., möchten im Rahmen des „Interkulturellen Kompetenzzentrum für Migrant_innenorganisationen in Berlin“ gezielt Migrant*innenorganisationen, eingetragene Vereine oder Vereine in Gründung, die sich überwiegend an Drittstaatler Bürger_innen richten, in ihrer Organisationsentwicklung fördern und Anreize zum Kompetenzerwerb setzen. Der Aktionsfonds sieht die Förderung von Projekten vor. Die Vorhaben sollen die Teilhabe von Migrant*innen am ökonomischen, sozialen, kulturellen und politischen Leben im Land Berlin befördern.";"Vereine, Vereine in Gründung";"3 Monate vor Projektbeginn";"max. 2.000 Euro";http://tbb-berlin.de/?id_menu=18&id_submenu=52&id_page=128;;"Verband für interkulturelle Arbeit e.V., Club Dialog e. V., Türkische Bund in Berlin-Brandenburg e. V."
102;"Deutsche Fernsehlotterie,  Stiftung Deutsches Hilfswerk, Förderbereiche Kinder, Jugendliche, Altenpflege, Gesundheit";Zuschuss;;"Das Deutsche Hilfswerk hat die Aufgabe, im Rahmen ihrer Zweckbestimmung zeitgemäße soziale Maßnahmen und Einrichtungen zu fördern. Gefördert werden Maßnahmen und Einrichtungen für Personen, die aufgrund ihrer speziellen gesundheitlichen und sozialen Situation der Hilfe bedürfen. Dazu gehört auch die Fort- und Weiterbildung von Mitarbeitern, die unmittelbar für Einrichtungen/Maßnahmen aus dem zu fördernden Kreis der Kinder-, Jugend-, Familien-, Alten- und Gesundheitshilfe tätig sind.";;"17.01.2019 und 23.07.2019";"max. 300.000 Euro, Eigenanteil erforderlich (keine Drittmittel)";https://www.fernsehlotterie.de/foerdern-engagieren/antraege-und-richtlinien;http://www.fernsehlotterie.de/;"Deutsche Fernsehlotterie, Stiftung Deutsches Hilfswerk"
105;"Ideeninitiative Kulturelle Vielfalt mit Musik";Förderung;Musikprojekte;"„Ideeninitiative ‚Kulturelle Vielfalt mit Musik‘“! Die Liz Mohn Kultur- und Musikstiftung unterstützt mit ihrer bundesweiten, jährlichen Initiative die Entwicklung und Umsetzung neuer Projektideen. Hierfür stellen wir Fördermittel in Höhe von insgesamt 100.000, - Euro zur Verfügung.";;"ab Mai 2019";;http://kultur-und-musikstiftung.de/projekte/ideeninitiative-kulturelle-vielfalt-mit-musik#Projektinformationen;;"Liz Mohn Kultur- und Musikstiftung"
108;"Förderfonds des Deutschen Kinderhilfswerks";Förderung;;"Das Deutsche Kinderhilfswerk unterstützt mit seinen verschiedenen Förderfonds Kinder- und Jugendprojekte und leistet Einzelfallhilfe. Ziel der Förderfonds ist die Verbesserung der Lebenswelt von Kindern und Jugendlichen unter dem Beteiligungsaspekt.";;;"bis zu 5.000 Euro";https://www.dkhw.de/unsere-arbeit/projektfoerderung/foerderantrag-stellen/#c1811;;"Deutsches Kinderhilfswerk e. V."
111;"2:0 für ein Willkommen";Förderung;"geflüchtete Menschen";"Auch im Jahr 2019 werden gemeinsam mit der Beauftragten der Bundesregierung für Migration, Flüchtlinge und Integration sowie mit finanzieller Unterstützung der Nationalmannschaft Engagements gefördert, die geflüchteten Menschen den weitergehenden Zugang in die Gesellschaft, vor allem zu Bildungs- und Berufsangeboten, erleichtern.";"Antragsberechtigt sind neben Fußballvereinen auch die DFB-Mitgliedsverbände und deren Untergliederungen, wenn sie beispielsweise Sprachförderprogramme im Fußball, Begegnungsfeste, Schulfußball-AGs für Flüchtlingskinder, Jobbörsen für Flüchtlinge, Qualifizierungsmaßnahmen für Tätigkeiten im Fußball, spezielle Programme und Maßnahmen für geflüchtete Frauen und Mädchen oder Vernetzungstreffen organisieren.";;"bis zu 500 Euro";https://www.egidius-braun.de/engagement-fuer-fluechtlinge/;https://www.egidius-braun.de/foerderantrag/;"DFB-Stiftung Egidius Braun"
114;"Junge Menschen für soziale Demokratie";Förderung;;"Die Doris-Wuppermann Stiftung hat sich zum Ziel gesetzt, das politische Engagement junger Menschen in Unabhängigkeit von einer Parteizugehörigkeit zu fördern, damit diese ihre eigenen Interessen auf politischer Ebene zu vertreten lernen und Verantwortung übernehmen. Zentrale Themen sind hierbei: Recht auf Arbeit und soziale Gerechtigkeit, Fairer Handel, Positionierung gegen Rassismus, Umweltschutz";"Junge Menschen mit Projektideen oder Initiativen, gemeinnützige Jugendorganisationen und Jugendinitiativen sowie andere freie Träger der Jugendhilfe";;"bis zu 1.500 Euro";http://doris-wuppermann-stiftung.de;http://fritz-niemann-z6u2.squarespace.com/dokumente;Doris-Wuppermann-Stiftung
117;"Eberhard-Schultz-Stiftung für soziale Menschenrechte und Partizipation";Förderung;"Inklusion benachteiligter Gruppen und hilfsbedürftiger Personen ein.";"Das Ziel dieser Stiftung liegt darin ein Bewusstsein für die sozialen Menschenrechte zu entwickeln und die Voraussetzungen für die Umsetzung dieser Rechte zu schaffen. Hierbei konzentriert sich die Stiftung auf folgende Schwerpunkte der sozialen Menschenrechte: Recht auf Arbeit, Recht auf Bildung, Recht auf eine angemessene Wohnung, Recht auf ärztliche Versorgung. Ein weiterer Schwerpunkt liegt in der Partizipation.";"gemeinnützige Organisationen und Initiativen";"1. März, 1. September, 1. Dezember";;http://www.sozialemenschenrechtsstiftung.org;https://sozialemenschenrechtsstiftung.org/projekte/antragsstellung.html;Eberhard-Schultz-Stiftung
120;"Dr. Buhmann Stiftung für interreligiöse Verständigung";Förderung;"Menschen christlicher und muslimischer Tradition";"Die Projekte sollen für die interreligiöse und die interkulturelle Verständigung einen konkreten Nutzen ausweisen. Besonders förderungswürdig sind Projekte, welche das friedliche Zusammenleben von Menschen christlicher und muslimischer Tradition unterstützen. Durch die Dr. Buhmann-Stiftung sollen vorrangig Projekte mit kooperativem Charakter gefördert werden. Die Förderung von Projekten mit ausländischen Partnern ist möglich, in Ausnahmefällen auch im Ausland.";;;"bis zu 5.000 Euro";http://www.buhmann-stiftung.de;https://www.buhmann-stiftung.de/was-wir-f%C3%B6rdern/;"Dr. Buhmann Stiftung"
123;"Gerhard Jaeck Stiftung";;"Kinder und Jugendliche";"Zweck der Stiftung ist die Förderung der Erziehung und Bildung, der Jugendhilfe sowie mildtätiger Zwecke insbesondere von Kindern und Jugendlichen, die schwer erkrankt sind und aufgrund ihres sozialen oder persönlichen Umfelds ei - ner besonderen Zuwendung bedürfen. Dies schließt eine geeignete Begleitung der betroffenen Familien und ihrer Angehörigen ein.";"steuerbegünstigte Körperschaften i.S. von § 58 Nr.1 Abgabenordnung";;;http://www.gerhard-jaeck-stiftung.de;https://www.gerhard-jaeck-stiftung.de/images/images/satzung/Satzung_18-08-09.pdf;"Gerhard Jaeck Stiftung"
